Movie,Reviewer,Rating
"Witching and Bitching (Brujas de Zugarramurdi, Las)",Kris,3
Balto: Wolf Quest ,Fernando,3
"Chair, The",Valma,5
"Wolf Man, The",Woodrow,2
6ixtynin9 (Ruang Talok 69),Earvin,3
Sun Valley Serenade,Chicky,2
Presumed Guilty (Presunto culpable),Joshua,5
Piglet's Big Movie,Felice,3
"Company You Keep, The",Nerti,3
"Ides of March, The",Ellen,1
Tommy Boy,Jacki,5
Shinobi: Heart Under Blade,Kurt,1
Shaft in Africa,Tillie,5
Trailer Park of Terror,Franzen,1
America Before Columbus,Giacomo,5
100 Years of Evil,Damien,3
"Decalogue, The (Dekalog)",Rachael,4
"All This, and Heaven Too",Filide,3
Horton Hears a Who!,Marji,2
Stranger than Fiction,Bone,2
Suite Franaaise,Raffarty,5
Story of My Death,Liliane,4
Ruby & Quentin ,Whitney,2
Brain Damage,Valentin,4
If Looks Could Kill,Rik,3
"Last of the Mohicans, The",Hewie,2
"Private Life of Henry VIII, The",Maribeth,2
Four Shades of Brown (Fyra nyanser av brunt),Alexandrina,4
"Wolfman, The",Ada,4
Troma's War ,Jeanelle,1
Vacuuming Completely Nude in Paradise,Kristel,3
Easy Money 2 (Snabba cash II),Jerrome,5
"Codes of Gender, The",Roma,4
"Rum Diary, The",Juliette,3
Song of the Thin Man,Otes,1
Afterglow,Jourdain,2
Dillinger Is Dead ,Mitchell,3
Dead Awake,Grantham,3
You Can't Take It with You,Dorothee,2
Go Fish,Abigale,5
Small Faces,Lory,3
Someone Like Him (Einer wie Bruno),Cordey,4
Camp,Benn,2
Ghost from the Machine (Phasma Ex Machina),Fredrika,2
America the Beautiful ,Shaylyn,5
My Left Foot,Jolee,2
Journey from the Fall,Marjory,2
Metal: A Headbanger's Journey,Hildegarde,4
Keep the River on Your Right: A Modern Cannibal Tale,Seumas,2
Village of the Damned,Elysha,4
I'll Cry Tomorrow,Vincent,3
Escuela de seducciAn,Jamil,4
Wildflowers,Lorilee,4
"General, The",Madelena,2
Jekyll & Hyde... Together Again,Carrissa,1
Iria: Zeiram the Animation ,Andree,5
"Guy and a Gal, A (En kille och en tjej)",Sigismundo,2
Little Dorrit,Nathanial,4
Young and Innocent,Sean,3
Abominable,Devondra,5
Stray Dogs (Sag-haye velgard),Maurene,1
"Duck, You Sucker (a.k.a. Fistful of Dynamite, A) (GiAla testa)",Ellery,1
"Bellboy, The",Ailee,1
Police Academy 4: Citizens on Patrol,Jaquelyn,4
Young Again,Nicholle,3
Delusions of Grandeur (La folie des grandeurs),Mahala,1
Stand Up and Cheer!,Janot,2
Greed,Brooks,1
Swamp Water,Bartholomew,5
At First Sight,Jule,3
Sherlock Holmes and the Voice of Terror,Darryl,3
Queen - Rock Montreal,Mellie,2
Trespass,Kristos,5
"Strange One, The",Sibylle,1
Otaku,Karin,1
Margaret,Ricky,1
Deadline at Dawn,Galen,5
Wild Side,Merilee,4
Fun on a Weekend,Allin,1
Vampire in Brooklyn,Katy,1
"Cocoanuts, The",Nathanial,3
Hours,Ella,2
Woman on Top,Port,3
Look Who's Talking Now,Dusty,4
Noah,Alica,2
"Million, Le (Million, The)",Paule,3
Hope Springs,Kalli,2
"Elvira, Mistress of the Dark",Berthe,4
Light of Day,Beck,1
Cyberbully,Sheri,4
Bugsy,Rudolfo,5
Treasure Island,Lauralee,4
Needing You... (Goo naam gwa neui),Oliver,4
Personal Property,Fancy,5
"Study in Choreography for Camera, A",Edgardo,1
Remember the Titans,Rosabelle,1
